label_name,threshold,f1_score
Bio,0.85,0.9576946658491723
Bird,0.88,0.9401611047180667
SongB,0.33,0.9101449275362319
DGS,0.5700000000000001,0.8051948051948052
Grous,0.71,0.8009259259259259
Bug,0.51,0.9578005115089514
Anth,0.96,0.9349240780911063
Airc,0.66,0.9268292682926829
Sil,0.06,0.8471411901983665
