label_name,threshold,f1_score
LALO,0.433,0.9088699878493317
SAVS,0.578,0.7972972972972973
WIPT,0.7010000000000001,0.8019323671497585
CORE,0.197,0.7857142857142857
ATSP,0.222,0.8354430379746836
WCSP,0.635,0.864406779661017
